{"body2head_rotmat": [[ 0, 0, -1],
            [ 0,-1, 0],
            [ -1, 0, 0]],
 "body2head_vec": [-0.2921, -0.00635, -0.36195],
 "declination": 16.79,
 "inds_range": [735400.89, 735401.61]
}