{"body2head_rotmat": [[ 0, 0, -1],
            [ 0,-1, 0],
            [ -1, 0, 0]],
 "body2head_vec": [0.24765, 0.0508, -0.14605],
 "declination": 14.3,
 "time_range": [735729.44835, 735731.304]
}