,u,N_u,mean_u,v,N_v,mean_v,w,N_w,mean_w
 u less than 0.5 ,[ 19.80443836   7.36662668],10,0.0348047604668,[ 73.17171216  16.42071933],15,0.000957484056,[ 23.33717678  41.14857259],8,0.00584019610893
 u between 0.5 and 1.0 ,[ 51.41640346   8.06459341],30,-0.34165973323,[ 80.91340613  12.87130864],15,0.0251100797352,[ 40.86483162  57.03353489],14,0.0385077303572
 u between 1.0 and 1.5 ,[ 63.54007951   9.65900927],27,0.67063151602,[ 83.53520814  13.1533382 ],22,0.0516178022698,[ 57.06451107  98.72220656],30,0.0618563718697
 u between 1.5 and 2.0 ,[ 168.54852314   42.12191914],24,1.73264347384,[ 67.12313482  13.26855563],19,0.203765621226,[  81.60492485  317.99021713],18,0.0856871697194
 u greater than 2.0 ,[ 65.47749807  13.69338391],13,2.25550917354,[ 71.28592875  14.50505296],98,0.136162463336,[ 44.78489251  97.73307065],34,0.129191787951
