,u,N_u,mean_u,v,N_v,mean_v,w,N_w,mean_w
 u less than 0.5 ,[ 70.81095433  19.47701848],20,-0.0615962800622,[ 93.52757254  12.30675655],23,0.0101790859908,[ 29.7738315   43.77510147],16,0.0101778097681
 u between 0.5 and 1.0 ,[ 44.57523057   9.74321116],25,-0.154765082559,[ 119.51262615   21.33422298],15,-0.0107087117083,[  57.54407118  100.26875915],17,0.0347114546494
 u between 1.0 and 1.5 ,[ 83.50192368  12.29363096],27,0.0592757357852,[ 57.52111421  11.23614513],21,-0.0635197675809,[ 70.6192731   90.18132998],23,0.0616307172896
 u between 1.5 and 2.0 ,[ 97.40373981  17.0955471 ],51,0.766370104069,[ 57.4324216   10.35722401],23,0.128522839799,[ 35.95106286  63.9628227 ],31,0.0868056382847
 u greater than 2.0 ,[ 73.84241185  12.99979577],6,-0.679601551345,[ 76.21884809  13.9083506 ],118,0.18371041395,[  75.59874189  162.18471083],42,0.147797875525
