,u,N_u,mean_u,v,N_v,mean_v,w,N_w,mean_w
 u less than 0.5 ,[ 19.07191322   7.75805909],11,0.0478834187005,[ 113.05411055   24.35452733],10,-0.0102931948844,[ 49.77676333  92.75551916],50,0.00212839074524
 u between 0.5 and 1.0 ,[ 56.76900395   8.47546017],33,-0.379560472744,[ 76.73525355  16.24909187],14,-0.00203615517837,[ 49.59557687  78.07840018],20,0.0236100538915
 u between 1.0 and 1.5 ,[ 80.37667193  13.41247742],25,0.902847529259,[ 42.27772311   6.6203946 ],14,0.0829875010813,[ 65.85757253  90.05145781],17,0.0610457970211
 u between 1.5 and 2.0 ,[ 129.12245485   28.32548942],22,1.7246185622,[ 87.07656602  18.4102926 ],25,0.250860036161,[  53.91913858  111.47826189],15,0.0846855691274
 u greater than 2.0 ,[ 66.98716971  10.71945685],14,2.24406287337,[ 69.93794432  12.60712346],97,0.205303966075,[   75.16047325  1185.11639522],3,0.103461280661
