,u,N_u,mean_u,v,N_v,mean_v,w,N_w,mean_w
 u less than 0.5 ,[ 28.97653081   7.90172754],59,-0.0262051741121,[ 39.67133122  17.16880314],57,-0.00167902138578,[  18.00954863  103.73584233],164,0.00510097300428
 u between 0.5 and 1.0 ,[ 45.03512208  14.86459652],69,-0.280611012793,[ 21.39263328   5.61281469],53,0.0069180731996,[ 17.81105407  90.35601006],97,0.0239114143624
 u between 1.0 and 1.5 ,[ 13.9114917   17.89932184],100,-0.710143835587,[ 15.50158942  17.60725208],77,0.0504228734652,[ 12.9368221   57.69775694],6,0.0229720119889
 u between 1.5 and 2.0 ,[ 24.41914273  12.84334888],45,1.36781615627,[ 7.31985788  7.51697443],54,0.11891327696,[ 18.72084681  48.64368734],2,0.0933678488356
 u greater than 2.0 ,[ 10.15384462  10.61683508],1,2.01738451255,[ 14.30605286  11.77549697],236,0.092926769286,[  12.87176574  180.6570883 ],5,0.156852377626
