,u,N_u,mean_u,v,N_v,mean_v,w,N_w,mean_w
 u less than 0.5 ,[ 1335.5011701    124.66303147],24,-0.0878863069168,[ 515.07544528   92.70701063],27,-0.00445719419205,[ 66.88107999  72.46091268],13,0.0120693521592
 u between 0.5 and 1.0 ,[ 123.60892566   21.71553327],31,-0.287171924907,[ 250.31674744   44.05780081],25,0.00559233263747,[  450.75547609  1972.5224893 ],16,0.0369756150626
 u between 1.0 and 1.5 ,[ 131.43905454   24.57033875],47,0.419817252728,[ 105.64062862   19.24699901],36,0.00877307482287,[ 101.23811155  211.64791089],24,0.0637039591974
 u between 1.5 and 2.0 ,[ 143.86223006   29.63122107],29,0.177529989776,[ 122.959995     19.94197847],18,0.0852757577971,[  90.80632814  266.04953601],42,0.087133047778
 u greater than 2.0 ,[ 597.59691679   95.46271138],1,2.07550361962,[ 157.29693259   31.78198979],117,0.0994170018795,[ 122.2123004   453.70674923],37,0.122658415078
